{
    "2021": {
        "今日计划": 0.02,
        "axe4": 29.129999999999992,
        "摸鱼": 10.740000000000002,
        "面经": 0.37,
        "tf": 15.01,
        "毕设": 0.9199999999999999,
        "打字练习": 2.1399999999999997,
        "fe": 1.78,
        "浪费时间": 0.15,
        "实习证明": 0.21000000000000002,
        "毕业设计": 0.15
    },
    "2020": {
        "摸鱼": 91.93999999999998,
        "tf": 97.55999999999999,
        "学校": 3.75,
        "打字练习": 44.81,
        "考试": 2.37,
        "浪费时间": 0.6399999999999999,
        "面经": 2,
        "红宝书": 2.0300000000000002,
        "fe": 0.52,
        "旋转木马": 0.65,
        "guagame": 33.65,
        "axe": 3.12,
        "简历": 0.15,
        "提问": 1.38,
        "今日计划": 0.06,
        "guagane": 4.6,
        "game": 0,
        "其他": 0.08,
        "gua题": 0.15,
        "练习打字": 0.93,
        "gamegame": 1.67,
        "练习vue": 1.77
    }
}