{
    "2020": {
        "水群": 37.68,
        "浪费时间": 25.389999999999993,
        "tf": 361.35999999999996,
        "自习室": 42.84000000000002,
        "guagame": 22.61000000000001,
        "腰椎康复运动": 1.09,
        "axe": 216.14000000000004,
        "抓个请求": 0.02,
        "fe作业": 11.889999999999999,
        "跑步": 0.96,
        "问题": 0,
        "聊天": 0.17,
        "看犬夜叉女儿": 0.83,
        "wa": 26.040000000000003,
        "kgp": 5.010000000000001,
        "整理资料": 0.38,
        "阅读资料": 1.9199999999999997,
        "card": 14.989999999999995,
        "写个总结": 3.8200000000000003,
        "递归练习": 1.07,
        "opengl": 2.05,
        "在线斗地主": 0.63,
        "总经": 0.43,
        "雷课堂": 5.38,
        "总结": 0.18,
        "掏粪": 5.07,
        "axe作业16": 0.83,
        "axe作业17": 0.35,
        "需求一": 1.1,
        "面试准备": 9
    },
    "2021": {
        "浪费时间": 5.97,
        "自习室": 11.15,
        "水群": 0.86,
        "tf": 21.33,
        "axe": 27.5,
        "问题": 0,
        "fep": 7.24,
        "小程序": 4.35,
        "面试准备": 0.52,
        "guagame": 0.33
    }
}