
{
    "2021": {
        "日常": 1.02,
        "fep": 1.5099999999999998,
        "工作": 10.51,
        "计划": 0,
        "摸鱼": 2.2800000000000002,
        "fe": 4.790000000000001
    },
    "2020": {
        "tf": 32.9,
        "fe": 4.84,
        "摸鱼": 11.299999999999999,
        "日常": 1.49,
        "axe": 0.25
    }
}