

{
    "2021": {
        "mo": 10.620000000000003,
        "tf": 9.579999999999998,
        "axe": 1.12,
        "锻炼": 5.91
    },
    "2020": {
        "锻炼": 22.870000000000005,
        "mo": 60.15,
        "打字": 9.350000000000001,
        "tf": 114.77,
        "guagame": 11.54,
        "axe": 0.15,
        "打字练习": 0.89,
        "摸": 48.18000000000001,
        "guaGame": 1.05,
        "高程": 3.24,
        "react 作业": 1.62,
        "react Demo": 4.6000000000000005,
        "学习": 8.75,
        "看书": 3.7299999999999995,
        "作业2": 1.6800000000000002,
        "作业6": 1.05,
        "作业": 0.38,
        "考试": 1.5099999999999998,
        "todo": 0.47000000000000003,
        "复习": 1.73,
        "homework": 0.17,
        "看博客": 1.28,
        "new": 0.92,
        "工作": 0.85,
        "vue": 0.32
    }
}