

{
    "2021": {
        "mo": 4.84,
        "axe": 6.08,
        "fep": 0.52,
        "双拼": 1.73,
        "tf": 8.860000000000001,
        "moyu": 0.95,
        "axe4": 0.6
    },
    "2020": {
        "摸鱼": 32.24999999999999,
        "tf": 51.120000000000005,
        "fe 复习": 10.05,
        "axe": 6.640000000000001,
        "水群": 1.4300000000000002,
        "休息": 1.29,
        "fe复习": 0.43,
        "plan": 0.04,
        "计划": 0.47,
        "fe": 2.7399999999999998,
        "vue": 0.65,
        "学习": 3.91,
        "fe_vue": 0.17,
        "gua": 0.6
    }
}