{
    "2021": {
        "tf": 9.440000000000001,
        "mo": 7.119999999999999,
        "吃": 3.3100000000000005,
        "休": 2.94,
        "axe": 3.87,
        "遛": 0.55
    },
    "2020": {
        "吃": 6.27,
        "mo": 24.360000000000003,
        "tf": 7.659999999999999,
        "休": 7.56,
        "休息": 1.45,
        "工作": 10.48,
        "修": 0.57,
        "axe": 0.47,
        "重构测试问题定位": 0.35
    }
}