{
    "摸鱼": 91.93999999999998,
    "tf": 97.55999999999999,
    "学校": 3.75,
    "打字练习": 44.81,
    "考试": 2.37,
    "浪费时间": 0.6399999999999999,
    "面经": 2,
    "红宝书": 2.0300000000000002,
    "fe": 0.52,
    "旋转木马": 0.65,
    "guagame": 33.65,
    "axe": 3.12,
    "简历": 0.15,
    "提问": 1.38,
    "今日计划": 0.06,
    "guagane": 4.6,
    "game": 0,
    "其他": 0.08,
    "gua题": 0.15,
    "练习打字": 0.93,
    "gamegame": 1.67,
    "练习vue": 1.77
}