{
    "工作": 56.84000000000002,
    "mo": 11.530000000000001,
    "计划": 3.0799999999999996,
    "日常": 8.91,
    "chat": 2.17,
    "软件": 0.43,
    "反思": 2.3800000000000003,
    "摸鱼": 48.95,
    "axe": 3.73,
    "学习": 15.839999999999998,
    "浪费时间": 2.17,
    "总结": 0.02,
    "整理": 0.25,
    "搜索": 0.05,
    "下载": 0.17,
    "问题": 0.05,
    "查询": 0.05,
    "tf": 0.87,
    "制定计划": 0.05,
    "指定计划": 0.03,
    "制定今日计划": 0.05,
    "高程": 0.78,
    "JavaScript.info": 2.53
}