{
    "吃": 6.27,
    "mo": 24.360000000000003,
    "tf": 7.659999999999999,
    "休": 7.56,
    "休息": 1.45,
    "工作": 10.48,
    "修": 0.57,
    "axe": 0.47,
    "重构测试问题定位": 0.35
}